{"repoSenseVersion":"29b9f5fbd7","reportGeneratedTime":"Sun Oct 6 10:42:52 2024 UTC","reportGenerationTime":" 0.62 second(s)","zoneId":"Etc/UTC","reportTitle":"RepoSense Report","repos":[],"errorSet":[{"repoName":"Jerlong00/ProgFun_P4-1[HEAD]","errorMessage":"Failed to clone from https://github.com/Jerlong00/ProgFun_P4-1.git"}],"sinceDate":"2024-09-06","untilDate":"2024-10-06","isSinceDateProvided":false,"isUntilDateProvided":false,"supportedDomainUrlMap":{"NOT_RECOGNIZED":{"BRANCH":"","REPO_URL":"UNSUPPORTED","BASE_URL":"UNSUPPORTED","HISTORY_PATH":"","COMMIT_PATH":"","BLAME_PATH":""},"github":{"BRANCH":"tree/$BRANCH","REPO_URL":"https://github.com/$ORGANIZATION/$REPO_NAME/","BASE_URL":"https://github.com/","HISTORY_PATH":"commits/$BRANCH/$FILE_PATH","COMMIT_PATH":"commit/$COMMIT_HASH","BLAME_PATH":"blame/$BRANCH/$FILE_PATH"}},"isAuthorshipAnalyzed":false}
